date,open,high,low,close,volume,rsi,macd,macd_signal,macd_hist,sma_50,bbl,bbm,bbu,bbb,bbp
2024-12-30 14:09:00,92765.63,92822.17,92728.81,92812.72,9.96008,48.57245622029774,-73.32300918686087,-99.1281999785654,25.805190791704533,93013.64620000002,92588.19009531914,92744.926,92901.66190468088,0.3379934869555464,0.7162682511643695
2024-12-30 14:10:00,92812.72,92812.73,92741.15,92741.15,11.074,44.94998299052461,-69.56935648609942,-93.21643128007221,23.64707479397279,93001.07719999999,92587.1693860525,92742.293,92897.41661394751,0.3345261561464901,0.4963158413766787
2024-12-30 14:11:00,92741.14,92868.11,92729.87,92868.11,12.1779,51.81508225278232,-55.70778406829049,-85.71470183771588,30.006917769425385,92993.7194,92591.6069998229,92752.2005,92912.7940001771,0.3462850462013556,0.8608785532171959
2024-12-30 14:12:00,92868.1,92888.0,92765.61,92765.61,29.97427,46.746567386964436,-52.389369392578374,-79.04963534868838,26.66026595611001,92984.00319999998,92595.47599020968,92754.977,92914.47800979031,0.3439190325933974,0.5333320773767519
2024-12-30 14:13:00,92764.96,92816.9,92743.5,92816.9,16.56065,49.41315375505639,-45.10093203249562,-72.25989468544984,27.158962652954216,92973.14640000001,92614.11185735153,92748.022,92881.93214264847,0.2887611827419249,0.7571799216912557
2024-12-30 14:14:00,92816.89,92880.14,92796.73,92880.14,7.88262,52.5669453209496,-33.8318608012778,-64.57428790861543,30.742427107337633,92965.037,92609.34845394068,92750.209,92891.06954605933,0.3037417329363094,0.9612043742371817
2024-12-30 14:15:00,92880.14,93012.18,92866.79,92904.83,24.20098,53.778528029406836,-22.6476954685495,-56.18896942060225,33.54127395205275,92957.851,92601.45522527497,92757.6445,92913.83377472502,0.3367685231054439,0.971176718949273
2024-12-30 14:16:00,92904.83,92957.98,92860.17,92860.18,48.21266,51.23004488495654,-17.188902738140314,-48.388956084109864,31.20005334596955,92949.4146,92601.0629622936,92763.35800000001,92925.65303770642,0.34991195059241315,0.7982900813490507
2024-12-30 14:17:00,92860.18,92978.62,92860.17,92901.61,14.43398,53.435052655020314,-9.411228630400728,-40.593410593368034,31.182181962967306,92941.65479999999,92606.77509236161,92774.593,92942.41090763838,0.3617755728411165,0.8784369671492575
2024-12-30 14:18:00,92901.61,92901.61,92833.7,92833.7,8.71243,49.48557324228527,-8.627680783829419,-34.200264631460314,25.572583847630895,92932.41519999999,92627.41237164341,92784.451,92941.48962835659,0.33850203706349347,0.656805368575195
2024-12-30 14:19:00,92840.87,92934.73,92840.87,92923.75,9.19197,54.30822911294593,-0.7319930888479576,-27.506610322937846,26.774617234089888,92925.0206,92636.01974114981,92796.6125,92957.2052588502,0.34611771814449477,0.8958382087407645
2024-12-30 14:20:00,92923.75,93056.51,92923.74,93043.39,24.61999,59.79957566202209,15.006360439598211,-19.004016170430635,34.01037661002884,92918.28559999999,92642.67935457556,92817.402,92992.12464542444,0.3764868260898691,1.1467049518710815
2024-12-30 14:21:00,93043.39,93065.98,92969.29,92969.29,17.18764,55.361684522693366,21.254855535225943,-10.95224182929932,32.20709736452526,92911.9328,92647.3680597962,92829.29550000001,93011.22294020382,0.39196126443470336,0.8847536683942513
2024-12-30 14:22:00,92969.29,93020.36,92961.08,92988.55,5.41203,56.270090287197185,27.44458980631316,-3.2728755021768237,30.717465308489984,92906.87440000002,92643.07690087122,92837.688,93032.29909912877,0.4192502060774531,0.8875986536106684
2024-12-30 14:23:00,92988.56,93005.0,92910.1,92910.1,8.31138,51.65865101471037,25.72321819755598,2.526343237769737,23.196874959786243,92899.8742,92648.18596990491,92843.8135,93039.4410300951,0.4214120956914263,0.6694201730395003
2024-12-30 14:24:00,92910.1,92962.6,92869.72,92962.59,8.51608,54.35408738754506,28.268659607245354,7.674806511664861,20.593853095580492,92894.0854,92667.20346416243,92857.1035,93047.00353583756,0.4090156351636864,0.7777421803391077
2024-12-30 14:25:00,92962.6,93000.0,92942.32,92958.2,18.61517,54.08248126319536,29.590601912743296,12.05796559188055,17.532636320862746,92889.916,92698.65799985307,92871.7135,93044.76900014693,0.3726764450123619,0.749880818369158
2024-12-30 14:26:00,92958.19,92958.2,92894.54,92894.54,15.63813,50.16760938173363,25.210806261369726,14.688533725778386,10.52227253559134,92885.523,92705.01178471258,92875.94350000001,93046.87521528744,0.3680860917174493,0.5543974533009113
2024-12-30 14:27:00,92894.55,92978.11,92894.54,92978.11,10.85668,54.793837447084215,28.158592503037653,17.382545481230242,10.776047021807411,92882.55700000002,92728.85740632631,92888.95499999999,93049.05259367367,0.34470749223883407,0.7784395378912891
2024-12-30 14:28:00,92978.1,93078.26,92978.1,93052.92,13.09567,58.50731491143873,36.11496528494172,21.129029441972538,14.98593584296918,92880.517,92738.57431136283,92903.31950000001,93068.0646886372,0.3546594234174495,0.9540360214386826
2024-12-30 14:29:00,93052.92,93100.0,93030.64,93099.98,7.22451,60.69463306227057,45.691098201990826,26.041443193976196,19.64965500801463,92881.51640000001,92737.65691660947,92917.68250000001,93097.70808339055,0.3874947771981708,1.0063099826331852
2024-12-30 14:30:00,93099.99,93120.0,92985.23,92985.24,29.25102,53.31496016798571,43.52002173298388,29.537158901777733,13.982862831206145,92879.0786,92767.11885248918,92929.887,93092.65514751083,0.3503031215583543,0.6700363395618337
2024-12-30 14:31:00,92985.23,93030.28,92904.89,92947.35,34.67287,51.10519406792663,38.300517129246145,31.289830547271418,7.010686581974728,92875.3808,92773.44827744519,92933.849,93094.24972255481,0.34519332682500237,0.54208522188979
2024-12-30 14:32:00,92947.35,92966.96,92817.42,92819.44,44.28213,44.412954764697794,23.57104181716568,29.74607280125027,-6.175030984084593,92869.6524,92786.0199806709,92936.5405,93087.0610193291,0.3239210724206029,0.11101482866941442
2024-12-30 14:33:00,92819.86,92844.1,92690.4,92717.86,30.77582,39.93992249707202,3.658990882424405,24.5286564174851,-20.869665535060694,92861.07780000001,92760.53353839087,92931.5885,93102.64346160913,0.3681309323774881,-0.12473633617357004
2024-12-30 14:34:00,92717.86,92737.54,92625.93,92665.25,38.95497,37.81565702216413,-16.180125842889538,16.386899965410173,-32.56702580829971,92851.65840000001,92714.79577152884,92920.844,93126.89222847116,0.4434919434678436,-0.12022857924199568
2024-12-30 14:35:00,92665.26,92686.31,92168.0,92168.01,747.62942,24.533997775393093,-71.2050734100776,-1.1314947096873826,-70.07357870039021,92833.2576,92496.2822860781,92884.003,93271.72371392189,0.8348492773764183,-0.4233360177710751
2024-12-30 14:36:00,92168.01,92414.53,92144.47,92378.96,113.47198,34.969139244408275,-96.67641326005105,-20.240478419760116,-76.43593484029094,92819.45640000001,92413.94670358523,92859.942,93305.93729641476,0.960576297613382,-0.03922317552053865
2024-12-30 14:37:00,92378.96,92378.96,92055.12,92182.36,144.40923,30.7074703433586,-131.2140565811569,-42.43519405203948,-88.77886252911743,92802.21699999999,92289.92442072532,92823.9795,93358.03457927468,1.1506834379465058,-0.10070536251748421
2024-12-30 14:38:00,92182.35,92397.93,92167.98,92348.76,53.40914,37.635169233146605,-143.5040727833548,-62.648969798302545,-80.85510298505224,92787.59599999999,92227.01007449611,92799.73250000001,93372.45492550392,1.234319130184785,0.10629051708317973
2024-12-30 14:39:00,92348.75,92474.22,92340.83,92366.81,62.43779,38.35512879464881,-150.05774276761804,-80.13072439216565,-69.92701837545239,92776.6442,92172.45454886463,92771.8855,93371.31645113538,1.2922685529235656,0.1621166297529722
2024-12-30 14:40:00,92366.81,92482.12,92322.62,92464.97,58.18232,42.25899328345196,-145.6518973961065,-93.23495899295382,-52.416938403152685,92770.06739999999,92142.90762407985,92742.9645,93343.02137592016,1.2940213398508649,0.26835987457546373
2024-12-30 14:41:00,92464.97,92662.48,92378.3,92643.84,48.16092,48.6415846486011,-126.27134165039752,-99.84223552444257,-26.429106125954945,92769.545,92134.46774836548,92726.692,93318.91625163451,1.2773544248392126,0.43005014589378016
2024-12-30 14:42:00,92643.83,92643.83,92439.45,92500.0,42.41483,44.39201994215207,-121.12257185929047,-104.09830279141215,-17.024269067878322,92765.3434,92114.9769355658,92702.2645,93289.5520644342,1.2670403848315883,0.32779773295994324
2024-12-30 14:43:00,92500.0,92528.0,92393.39,92502.63,29.16217,44.48751659400361,-115.49852063423896,-106.37834635997753,-9.12017427426143,92756.276,92096.58934013899,92681.891,93267.19265986102,1.2630334870077522,0.3468644356462558
2024-12-30 14:44:00,92502.64,92521.7,92427.32,92468.16,33.84653,43.43468734067828,-112.52573382676928,-107.60782385333589,-4.917909973433396,92748.91120000002,92079.66519253637,92657.16949999999,93234.67380746361,1.2465399290307906,0.33635663184045395
2024-12-30 14:45:00,92468.16,92592.01,92355.27,92531.32,38.77176,45.95836443657543,-103.87587825024093,-106.8614347327169,2.985556482475971,92744.41519999999,92073.03539104371,92635.8255,93198.6156089563,1.2150593054439713,0.4071541074222086
2024-12-30 14:46:00,92531.32,92531.32,92381.88,92404.51,27.59797,41.91494699516052,-106.0310526190442,-106.69535830998237,0.6643056909381642,92737.5872,92053.07123795038,92611.324,93169.5767620496,1.2055820777372996,0.3147667024156889
2024-12-30 14:47:00,92404.25,92430.98,92278.28,92321.48,59.84853,39.46656295108545,-113.13472424566862,-107.98323149711962,-5.151492748549003,92730.47859999999,92033.30442999571,92578.49250000001,93123.6805700043,1.1777855855760377,0.2642900549914948
2024-12-30 14:48:00,92321.48,92374.07,92282.91,92282.91,28.56644,38.34601576314857,-120.48780344892293,-110.48414588748028,-10.003657561442651,92723.406,92026.41786709998,92539.992,93053.56613290001,1.1099506749471422,0.24971286175539875
2024-12-30 14:49:00,92282.91,92396.45,92263.07,92271.29,50.98622,37.996006155621586,-125.80263412441127,-113.54784353486649,-12.254790589544783,92715.22140000001,92041.81472802107,92498.5575,92955.30027197892,0.9875673401261995,0.2512084329048917
2024-12-30 14:50:00,92271.28,92394.86,92256.28,92394.85,36.24794,43.863608414421144,-118.67638882317988,-114.57355259252918,-4.102836230650695,92710.56640000001,92069.15372401009,92469.038,92868.92227598991,0.8649041552479708,0.4072381630706253
2024-12-30 14:51:00,92394.85,92425.25,92326.3,92328.79,24.18473,41.597139225618996,-117.01045431281091,-115.06093293658554,-1.9495213762253627,92702.51379999999,92100.08826123166,92438.11,92776.13173876834,0.7313471440909749,0.33829442390548525
2024-12-30 14:52:00,92328.46,92386.95,92256.28,92338.54,20.43802,42.07288842615953,-113.59400471849949,-114.76754729296835,1.1735425744688541,92692.87060000001,92122.78099601083,92414.06499999999,92705.34900398915,0.6303889001942721,0.37035848353209805
2024-12-30 14:53:00,92338.54,92338.54,92256.87,92257.01,53.41814,39.197479615100995,-116.12659828743199,-115.03935749186108,-1.0872407955709065,92682.25899999999,92127.96828894275,92391.02249999999,92654.07671105723,0.5694367351703298,0.24527588921426718
2024-12-30 14:54:00,92257.01,92286.05,92207.12,92228.68,48.21638,38.22001303645724,-119.04738700056623,-115.84096339360212,-3.2064236069641083,92672.89680000002,92129.35560145641,92369.19399999999,92609.03239854357,0.5193038677886037,0.20706525549439128
2024-12-30 14:55:00,92228.46,92254.72,92200.01,92221.0,23.0262,37.94377489833392,-120.59173841966549,-116.7911183988148,-3.800620020850687,92663.99680000002,92139.91318725294,92371.84349999999,92603.77381274704,0.502166686208982,0.1748085702697614
2024-12-30 14:56:00,92220.99,92254.72,92020.01,92104.01,73.99766,33.92176236963939,-129.75997114494385,-119.38488894804061,-10.375082196903236,92649.8782,92098.53382483585,92358.09599999999,92617.65817516414,0.562077795895976,0.010548869766340075
2024-12-30 14:57:00,92104.01,92238.61,92104.0,92127.91,37.63964,35.4276186690763,-133.55776064599922,-122.21946328763234,-11.338297358366887,92638.0788,92087.48664826789,92355.3735,92623.26035173211,0.5801218523188795,0.07544855499764436
2024-12-30 14:58:00,92127.91,92181.77,92076.18,92096.15,29.99506,34.30870474765962,-137.54477224203583,-125.28452507851304,-12.260247163522791,92624.6892,92051.95808958691,92342.74299999999,92633.52791041306,0.6297948294931478,0.07598728274844585
2024-12-30 14:59:00,92096.15,92096.15,91820.46,91883.99,352.06519,27.95672974361825,-156.02548192848917,-131.43271644850827,-24.592765479980898,92606.11459999999,91966.18217719781,92318.602,92671.02182280218,0.7634860475945793,-0.11661117207351797
2024-12-30 15:00:00,91884.0,92000.0,91682.14,91942.61,169.09957,31.71835414827794,-164.05036294291494,-137.9562457473896,-26.094117195525342,92590.1438,91911.09127545492,92292.484,92673.87672454507,0.8264870724360955,0.04132056344634679
2024-12-30 15:01:00,91942.61,92100.0,91848.0,92100.0,88.6557,40.674827269919945,-155.9128154420323,-141.54755968631815,-14.365255755714145,92574.7816,91911.42394382099,92265.292,92619.16005617901,0.7670664634736315,0.26644967366539335
2024-12-30 15:02:00,92099.99,92256.0,92024.34,92032.01,83.6185,38.33552140394096,-153.18416352034546,-143.87488045312364,-9.309283067221827,92560.10960000001,91891.32298615873,92241.8925,92592.46201384127,0.7601091095160916,0.20065494614709006
2024-12-30 15:03:00,92031.16,92031.16,91893.69,91921.56,44.20211,34.83097154246947,-158.1114685558423,-146.72219807366739,-11.389270482174908,92542.2028,91857.24325492437,92212.83899999999,92568.43474507562,0.7712499667765896,0.09043520059829695
2024-12-30 15:04:00,91921.55,92024.74,91920.0,91950.61,40.976,36.475853760184,-157.8526737140637,-148.94829320174665,-8.904380512317061,92523.6122,91834.13746316169,92186.9615,92539.78553683832,0.7654532291712688,0.16505754239709503
2024-12-30 15:05:00,91950.6,91968.34,91830.01,91964.0,60.8724,37.261892761020576,-154.78287520597223,-150.11520960259176,-4.66766560338047,92504.79560000001,91830.73563368687,92158.5955,92486.45536631312,0.7115122892972625,0.20323372880573196
2024-12-30 15:06:00,91964.0,91964.0,91804.03,91880.97,75.62241,34.417898281315814,-157.2373307884409,-151.5396338397616,-5.697696948679294,92485.21139999999,91803.67612972982,92132.4185,92461.16087027018,0.7136301762667352,0.11755994550786872
2024-12-30 15:07:00,91880.97,91890.11,91730.56,91872.45,37.42657,34.13003267334758,-158.04811700504797,-152.84133047281887,-5.206786532229103,92464.6282,91774.67139811437,92109.96699999999,92445.26260188561,0.7280332689417212,0.14580955034266008
2024-12-30 15:08:00,91872.44,91877.56,91700.02,91744.0,60.07052,30.04945845062856,-167.12895387555182,-155.69885515336546,-11.430098722186358,92442.8342,91722.018157175,92083.0215,92444.024842825,0.7840823138606559,0.030445483763367556
2024-12-30 15:09:00,91744.01,91777.64,91657.18,91675.4,52.43524,28.116091809044356,-177.81133086667978,-160.1213502960283,-17.68998057065147,92417.86720000001,91662.18401458302,92053.227,92444.26998541698,0.8496019056821938,0.016898379346813527
2024-12-30 15:10:00,91675.4,91676.0,91555.0,91636.63,80.68711,27.056577561705723,-187.24713812903792,-165.54650786263022,-21.7006302664077,92389.73200000002,91617.1514636387,92015.31599999999,92413.48053636128,0.8654310035979045,0.024460410938795786
2024-12-30 15:11:00,91636.63,91716.0,91582.88,91704.79,44.15957,31.91423237708992,-187.06872913941334,-169.85095211798685,-17.217777021426485,92364.44200000001,91591.33956535075,91984.11600000001,92376.89243464927,0.8540092610103731,0.14442113202457607
2024-12-30 15:12:00,91704.79,91866.0,91590.01,91866.0,53.60094,41.78833458896718,-171.93705566730932,-170.26817282785134,-1.6688828394579787,92341.991,91600.33987722475,91960.489,92320.63812277526,0.7832692642059697,0.3688196166189672
2024-12-30 15:13:00,91866.0,91905.92,91708.0,91780.06,46.17752,38.576506920611344,-164.97797182828072,-169.21013262793724,4.232160799656526,92319.3902,91595.52779208023,91936.6415,92277.75520791976,0.7420625821311194,0.2704848905737461
2024-12-30 15:14:00,91780.06,91835.5,91750.0,91750.0,61.88091,37.49107309071848,-160.04355603612203,-167.37681730957422,7.3332612734521945,92295.1384,91590.25296194112,91912.7075,92235.16203805889,0.701653877531314,0.24770474470684525
2024-12-30 15:15:00,91750.0,91818.19,91685.03,91818.19,104.99642,41.51145810404164,-148.91404444925138,-163.68426273750967,14.770218288258292,92272.3382,91600.79272319727,91892.56700000001,92184.34127680275,0.6350334664233251,0.3725435963460682
2024-12-30 15:16:00,91818.18,91861.24,91703.35,91708.1,77.67533,37.336336158742654,-147.27942375357088,-160.4032949407219,13.123871187151025,92248.6094,91587.41423674786,91872.7715,92158.12876325214,0.6212009469032707,0.2114643269926259
2024-12-30 15:17:00,91708.1,91770.6,91649.33,91652.91,30.60913,35.413395208342315,-148.72296111447213,-158.06722817547197,9.34426706099984,92222.10539999999,91573.66499891324,91849.0215,92124.37800108676,0.5995850507493116,0.14389527898197801
2024-12-30 15:18:00,91652.92,91692.82,91628.58,91652.91,21.47657,35.41339520834231,-148.1590891195665,-156.08560036429088,7.926511244724395,92194.10519999999,91563.54594034396,91826.85949999999,92090.17305965602,0.5735000872071236,0.16969133639145
2024-12-30 15:19:00,91609.33,91712.0,91580.0,91622.79,26.0307,34.29541465720704,-148.4316214412829,-154.5548045796893,6.123183138406375,92164.5614,91537.52451079771,91813.7995,92090.07448920228,0.6018158287900588,0.15431271836889626
2024-12-30 15:20:00,91622.78,91733.64,91605.04,91605.05,39.52368,33.622165687205204,-148.36877216123685,-153.31759809599882,4.94882593476197,92136.9576,91513.04609794705,91796.9215,92080.79690205294,0.6184856690492502,0.16204979612110196
2024-12-30 15:21:00,91605.05,91687.44,91567.81,91635.5,54.53668,35.94651175567491,-144.19965922489064,-151.49401032177718,7.294351096886544,92110.7206,91518.22104894703,91773.69649999999,92029.17195105295,0.5567509227504205,0.22953076424681065
2024-12-30 15:22:00,91635.51,91699.66,91613.86,91613.97,38.81581,35.01293999375685,-141.007452118356,-149.39669868109297,8.389246562736957,92086.61119999998,91517.6828886774,91752.79449999999,91987.90611132258,0.5124892655396717,0.20476894097435192
2024-12-30 15:23:00,91613.97,91653.3,91592.23,91611.9,40.66694,34.919040283513255,-137.0646408284083,-146.93028711055604,9.865646282147736,92064.492,91507.9810182696,91737.3115,91966.6419817304,0.49997210073112186,0.22657036462463281
2024-12-30 15:24:00,91611.9,91613.29,91555.0,91613.28,51.9296,35.04410869773863,-132.30346798496612,-144.00492328543805,11.701455300471935,92043.4526,91507.29700648447,91720.44499999999,91933.59299351551,0.46477749538943497,0.24861363170141804
2024-12-30 15:25:00,91613.29,91787.88,91596.81,91784.88,42.13382,48.33886835165147,-113.37658364341769,-137.87925535703397,24.50267171361628,92035.79,91526.8872837683,91711.489,91896.0907162317,0.40257053558840433,0.6987820089058315
2024-12-30 15:26:00,91784.88,91811.99,91636.37,91636.37,27.58117,40.59500559233477,-109.10273883286573,-132.12395205220034,23.021213219334612,92020.9382,91529.36693721988,91699.25899999999,91869.1510627801,0.37054184435691595,0.31491483777734997
2024-12-30 15:27:00,91636.37,91636.38,91550.0,91550.0,50.19656,36.89331005675717,-111.40086339629488,-127.97933432101925,16.57847092472437,92008.29100000001,91521.02481537893,91683.1365,91845.24818462106,0.3536346831264097,0.08936797088007727
2024-12-30 15:28:00,91550.0,91650.64,91530.45,91587.29,55.56222,39.460063752504254,-108.95716197566071,-124.17489985194756,15.217737876286847,91993.0616,91510.58592711452,91675.301,91840.0160728855,0.35934449320322465,0.23283865751254518
2024-12-30 15:29:00,91587.3,91744.37,91587.29,91688.66,21.48995,45.90167299022034,-97.7144083045132,-118.88280154246068,21.168393237947484,91979.49859999999,91511.1459561587,91675.964,91840.78204384132,0.3595665355453715,0.5385152004722862
2024-12-30 15:30:00,91688.66,91862.57,91686.01,91791.56,73.83961,51.538560157902666,-79.58388154445856,-111.02301754286026,31.439135998401696,91966.0304,91512.57310239598,91683.7105,91854.84789760402,0.373321273039052,0.8150962370292102
2024-12-30 15:31:00,91791.56,91829.79,91688.65,91754.32,27.86861,49.527251533737285,-67.44282631597889,-102.30697929748399,34.8641529815051,91948.24,91512.4868333804,91686.187,91859.8871666196,0.37890149498659176,0.6961224370878445
2024-12-30 15:32:00,91754.32,91781.15,91644.3,91731.78,34.94994,48.298651942401285,-58.96008701941173,-93.63760084186956,34.677513822457826,91932.87559999998,91524.74785409345,91679.476,91834.20414590654,0.33754151454037895,0.6690190226657153
2024-12-30 15:33:00,91731.77,91753.55,91680.13,91698.46,55.00506,46.463736584798326,-54.300162077430286,-85.7701130889817,31.469951011551416,91916.79219999998,91527.3322847431,91675.396,91823.45971525689,0.3230173453668989,0.5778853885977268
2024-12-30 15:34:00,91698.46,91792.34,91664.35,91792.34,32.55175,51.99723798960443,-42.54141561774304,-77.12437359473397,34.582957976990926,91903.27579999999,91524.12797633838,91677.513,91830.89802366163,0.33461864014925274,0.8743096857138499
2024-12-30 15:35:00,91792.33,91804.0,91744.17,91756.64,25.56006,49.88565821366462,-35.69178331321746,-68.83785553843067,33.14607222521322,91887.7822,91530.27137749139,91674.43549999999,91818.5996225086,0.31451324837141964,0.7851073435247382
2024-12-30 15:36:00,91756.65,91756.65,91645.36,91645.36,52.50513,43.901050168438616,-38.79555534454994,-62.82939549965453,24.033840155104592,91872.5992,91527.4710048168,91671.2985,91815.1259951832,0.3137895885334253,0.40982774202191
2024-12-30 15:37:00,91645.37,91787.53,91638.63,91785.61,23.82064,51.75647184392247,-29.597136789685464,-56.18294375766072,26.58580696797526,91861.8818,91526.09130596067,91677.9335,91829.77569403933,0.33125134531818595,0.8545671237209286
2024-12-30 15:38:00,91785.61,91988.35,91783.47,91960.79,42.88268,59.40315937035363,-8.078636363061378,-46.56208227874086,38.48344591567948,91855.43939999999,91498.43143602056,91693.3275,91888.22356397944,0.4251041363493731,1.1861670126601718
2024-12-30 15:39:00,91960.8,92018.32,91910.35,92010.09,68.95775,61.2639466691951,12.805415382739739,-34.688582746444744,47.49399812918448,91850.21539999999,91476.98706655671,91712.6925,91948.3979334433,0.5140083166641095,1.1308668740798122
2024-12-30 15:40:00,92008.75,92185.59,91987.99,92165.09,74.21107,66.46791367172173,41.386305891457596,-19.473605018864276,60.85991091032187,91845.62019999999,91438.97290418905,91740.6945,92042.41609581094,0.6577704637083265,1.2032898968655865
2024-12-30 15:41:00,92165.08,92183.09,92083.01,92089.66,35.85976,62.095921897582926,57.28989468443615,-4.120905078204192,61.41079976264034,91840.8376,91430.06255970674,91763.4025,92096.74244029325,0.7265204454319477,0.9893765501262499
2024-12-30 15:42:00,92089.66,92101.07,92013.08,92059.24,48.23329,60.371285691287945,66.67042841472721,10.03736162038209,56.633066794345126,91835.2516,91436.13658359027,91785.666,92135.19541640973,0.7616209189128259,0.8913461745367325
2024-12-30 15:43:00,92059.23,92178.67,92052.37,92165.49,38.37897,64.11967898672576,81.73585594228643,24.37706048476296,57.35879545752347,91833.42120000001,91436.62209523366,91813.3455,92190.06890476633,0.8206288589415074,0.9673780491796461
2024-12-30 15:44:00,92164.89,92217.84,92145.61,92186.05,30.1339,64.81325351756777,94.24790479216608,38.351229346243585,55.8966754459225,91832.5686,91443.96847646387,91841.98400000001,92239.99952353616,0.8667398202899129,0.9322268600771618
2024-12-30 15:45:00,92184.82,92347.93,92132.0,92341.93,38.37848,69.60973978822813,115.41161366552114,53.7633062100991,61.64830745542204,91834.98719999999,91417.45354588838,91869.8365,92322.21945411163,0.9848345688775191,1.0217852437953443
2024-12-30 15:46:00,92341.92,92473.32,92266.78,92266.78,84.79797,65.00886960651636,124.68276319689176,67.94719760745764,56.73556558943412,91838.2426,91430.94475887125,91901.357,92371.76924112876,1.0237329599578242,0.8884071969759579
2024-12-30 15:47:00,92266.78,92266.78,92024.84,92024.85,57.42918,52.889390480642305,111.22633889014833,76.60302586399578,34.623313026152545,91836.18139999999,91480.8106217926,91925.0995,92369.3883782074,0.9666323574823013,0.612258605709959
2024-12-30 15:48:00,92024.84,92077.66,91952.0,92010.78,51.80846,52.27897233137363,98.29362652573036,80.9411459963427,17.352480529387663,91834.474,91528.84814136664,91946.274,92363.69985863336,0.9079777580402222,0.5772664158986038
2024-12-30 15:49:00,92010.78,92070.13,91894.53,92070.13,55.65443,54.656290092881555,91.77547721999872,83.10801224107391,8.667464978924812,91838.19679999999,91562.13016282959,91965.3475,92368.56483717042,0.8768897158147791,0.6299330290896158
2024-12-30 15:50:00,92070.13,92131.21,91960.82,91964.28,38.71517,49.88333096133181,77.17891605771729,81.9221930044026,-4.743276946685313,91838.6302,91578.70422165265,91973.9835,92369.26277834736,0.8595458483047133,0.48772576690514474
2024-12-30 15:51:00,91964.28,92020.0,91918.04,92013.95,48.26456,52.001512130117035,68.8256112603849,79.30287665559906,-10.477265395214161,91836.9092,91604.55071666343,91986.965,92369.37928333656,0.8314532028240355,0.5352824164471011
2024-12-30 15:52:00,92013.95,92030.0,91931.62,92030.0,44.29913,52.69722980942709,62.777003669776605,75.99770205843457,-13.220698388657965,91836.869,91637.59882830815,92001.876,92366.15317169185,0.7918907472970453,0.5386024738654044
2024-12-30 15:53:00,92030.0,92061.9,91952.53,91985.19,29.90526,50.496574651986556,53.74807175497699,71.54777599774306,-17.79970424276607,91838.1416,91679.28647311156,92016.2125,92353.13852688843,0.7323188332456938,0.45396244646563944
2024-12-30 15:54:00,91985.18,92008.0,91909.97,92006.79,72.19675,51.54696017534171,47.784685533930315,66.79515790498051,-19.0104723710502,91839.2652,91705.91593978732,92026.935,92347.95406021268,0.6976632661137356,0.4686233583970722
2024-12-30 15:55:00,92006.79,92088.45,91948.95,92088.45,99.40298,55.39987869428313,49.08215005550301,63.25255633508501,-14.170406279582004,91841.7542,91746.71377533463,92043.5255,92340.33722466537,0.6449377575511729,0.5756784457397061
2024-12-30 15:56:00,92088.99,92196.67,92077.58,92090.91,80.92223,55.514640221235254,49.73558066293481,60.54916120065497,-10.813580537720163,91845.95300000001,91831.59378377689,92065.803,92300.01221622311,0.5087865604628743,0.5535995133002924
2024-12-30 15:57:00,92090.91,92115.5,92027.06,92030.94,41.29823,52.001770577642205,44.89680885207781,57.418690730939545,-12.521881878861734,91849.1228,91881.1087141089,92078.06950000001,92275.03028589113,0.427812587645788,0.3803581642234522
2024-12-30 15:58:00,92030.32,92128.17,92030.31,92106.48,46.6974,55.79616174551471,46.62008667718328,55.2589699201883,-8.638883243005019,91856.37240000001,91895.63887014514,92085.354,92275.06912985488,0.4120419189676365,0.5556782161131545
2024-12-30 15:59:00,92106.49,92156.7,92080.73,92130.21,77.61381,56.94754587070306,49.331941535288934,54.07356424320843,-4.741622707919497,91865.4686,91903.96464103973,92091.36,92278.75535896028,0.4069770692066556,0.6036578499477178
2024-12-30 16:00:00,92130.21,92130.22,91996.0,92046.19,50.90947,51.802593250580586,44.19197663453815,52.09724672147438,-7.905270086936227,91873.65980000001,91900.2218800958,92085.41500000001,92270.60811990421,0.40222030796994507,0.39409703767532883
2024-12-30 16:01:00,92046.19,92046.2,91908.76,91942.09,51.34435,46.229706260826134,31.35705283327843,47.94920794383519,-16.59215511055676,91878.40580000001,91882.63043629969,92078.0365,92273.44256370032,0.42443577454068127,0.15214359926798002
2024-12-30 16:02:00,91941.73,92083.11,91916.01,92049.7,26.0279,51.98056105254354,29.528129025071394,44.264992160082436,-14.736863135011042,91882.0798,91881.9257877241,92077.5595,92273.1932122759,0.4249324446439082,0.42879678130138416
2024-12-30 16:03:00,92049.7,92060.61,91956.56,92025.22,15.58672,50.65334511097347,25.80588810383051,40.573171348832055,-14.767283245001543,91886.98300000001,91877.9912734004,92070.546,92263.1007265996,0.4182764955029141,0.3823035902560512
2024-12-30 16:04:00,92025.21,92056.55,91977.01,92045.66,19.53442,51.76087189456547,24.22605959737848,37.30374899854134,-13.077689401162857,91892.89620000002,91878.22712868202,92063.5265,92248.825871318,0.4025467595312882,0.4517901764239035
2024-12-30 16:05:00,92049.07,92190.78,92013.34,92162.17,33.6302,57.60214366565498,32.00646678352496,36.24429255553806,-4.237825772013103,91899.7758,91911.51008781961,92054.5385,92197.56691218038,0.3107471168961109,0.8762591584400027
2024-12-30 16:06:00,92162.16,92227.17,92060.6,92085.86,26.18656,53.06945850493907,31.650073931843508,35.325448830799154,-3.6753748989556456,91907.33099999999,91939.1124142939,92045.4925,92151.87258570609,0.2311467575798992,0.6897324096519927
2024-12-30 16:07:00,92085.85,92085.85,91950.7,92045.63,18.1124,50.79994179264338,27.800933390724822,33.82054574278429,-6.019612352059468,91915.18539999999,91940.57308470969,92046.53150000001,92152.48991529034,0.2302279370305794,0.4957459726179506
2024-12-30 16:08:00,92045.63,92077.76,92012.74,92074.98,14.73789,52.3992967265199,26.809715777126257,32.418379749652686,-5.608663972526429,91923.6268,91944.42199159421,92049.7415,92155.0610084058,0.22883173095232473,0.6198187324552848
2024-12-30 16:09:00,92074.99,92074.99,92009.08,92041.91,16.10275,50.41084968800836,23.089534276121412,30.552610654946434,-7.463076378825022,91932.0092,91943.38592672991,92048.3305,92153.27507327008,0.2280205902704215,0.4694100428448588
2024-12-30 16:10:00,92041.91,92056.0,91926.86,91967.95,23.31587,46.189251582278814,14.011790544260293,27.244446632809208,-13.232656088548914,91939.2672,91944.14668511723,92048.514,92152.88131488276,0.22676588756830043,0.11403625219976718
2024-12-30 16:11:00,91967.95,92000.01,91938.6,91938.77,21.63384,44.602231139351794,4.412170349285589,22.677991376104487,-18.265821026818898,91945.3326,91930.71188894179,92044.755,92158.79811105822,0.2477992603885229,0.03532923200464116
2024-12-30 16:12:00,91938.78,91976.26,91909.34,91963.59,36.28123,46.29258269326873,-1.1792377276869956,17.90654555534619,-19.085783283033187,91952.325,91922.12088913,92041.4345,92160.74811087,0.25926065041934615,0.17378197913721527
2024-12-30 16:13:00,91963.59,92060.61,91958.13,92006.83,26.87348,49.20069469025675,-2.0971872155932942,13.905799001158295,-16.002986216751587,91960.2236,91924.88206468943,92042.5165,92160.15093531056,0.2556089072392255,0.3483160993386836
2024-12-30 16:14:00,92006.83,92031.09,91983.9,92013.98,16.28573,49.68584031962657,-2.2221084700431675,10.680217506918003,-12.902325976961171,91968.2376,91925.63721283535,92042.876,92160.11478716465,0.254748204879321,0.37676433414725413
2024-12-30 16:15:00,92013.98,92100.0,91953.29,92073.93,27.81477,53.6802142692891,2.4876781080529327,9.04170962714499,-6.554031519092057,91974.0186,91925.87318717888,92042.15,92158.42681282111,0.2526599233527625,0.6366566524698688
2024-12-30 16:16:00,92073.93,92085.94,91988.59,92040.53,16.04924,51.23956221204043,3.4849447648593923,7.93035665468787,-4.445411889828478,91982.1018,91925.52607847672,92039.631,92153.73592152327,0.24794736850537327,0.5039393568130254
2024-12-30 16:17:00,92040.53,92064.44,91937.32,91982.81,15.0596,47.24209154740353,-0.3778798745624954,6.268709348837797,-6.646589223400293,91990.75799999999,91920.48810182516,92037.2245,92153.96089817483,0.25367213930888344,0.26693430305043797
2024-12-30 16:18:00,91982.82,92068.0,91982.81,92068.0,7.21799,53.06242065797477,3.395780363760423,5.694123551822322,-2.2983431880618994,92000.37219999998,91921.97468220531,92035.3005,92148.62631779468,0.24626598094213764,0.6442720671967487
2024-12-30 16:19:00,92171.4,92212.86,92135.87,92212.68,14.56032,60.94307962767899,17.855077925269143,8.126314426511687,9.728763498757456,92010.85260000001,91908.0243701077,92039.424,92170.8236298923,0.2855290139414631,1.1592712633285172
2024-12-30 16:20:00,92212.67,92224.27,92138.38,92151.64,10.97007,56.623612926472525,24.110822989983717,11.323216139206092,12.787606850777625,92018.0542,91904.46812879489,92044.69649999999,92184.92487120509,0.3046962541836387,0.8813190550562406
2024-12-30 16:21:00,92151.63,92163.0,92007.73,92009.31,14.77411,48.06838018167384,17.38332042825641,12.535236997016158,4.848083431240253,92023.15399999998,91914.77722045784,92048.0575,92181.33777954215,0.28958846750711587,0.35463903537304253
2024-12-30 16:22:00,92009.3,92009.3,91900.0,91924.99,23.90703,43.842222950553364,5.1880028037849115,11.065790158369909,-5.8777873545849975,92027.0182,91898.16724225131,92041.822,92185.4767577487,0.3121510518309658,0.09335840374887226
2024-12-30 16:23:00,91925.0,91925.0,91862.62,91862.62,25.57107,40.97269460325067,-9.401240381237585,6.972384050448412,-16.373624431685997,92030.30140000001,91870.16876647084,92033.69200000001,92197.21523352918,0.35535515304366083,-0.02308163282957142
2024-12-30 16:24:00,91862.62,91883.02,91820.03,91827.53,22.87123,39.40985261279297,-23.52362475261907,0.873182289834916,-24.396807042453986,92031.00520000001,91836.40967437117,92022.7855,92209.16132562883,0.40506451661111137,-0.02382195851101412
2024-12-30 16:25:00,91827.53,91846.39,91800.0,91846.38,25.87436,40.71799818259647,-32.816391713073244,-5.864732510746716,-26.95165920232653,92032.8,91817.056832223,92006.996,92196.935167777,0.41287983747888823,0.07719094518576516
2024-12-30 16:26:00,91846.39,91987.93,91846.38,91987.92,23.33261,49.529400816069796,-28.432133443187922,-10.378212697234957,-18.053920745952965,92039.65120000001,91815.52505306255,92002.099,92188.67294693745,0.405586283281326,0.4620016614518074
2024-12-30 16:27:00,91987.92,92012.0,91918.47,91966.24,10.62867,48.3440950653098,-26.402619032975053,-13.583093964382979,-12.819525068592075,92043.26380000002,91812.05157562738,91998.1295,92184.20742437261,0.404525451514998,0.41431143670720244
2024-12-30 16:28:00,91966.24,91986.39,91903.4,91924.66,9.94553,46.06707006358146,-27.828582169880974,-16.43219160548258,-11.396390564398395,92042.54119999999,91805.41796406348,91990.6135,92175.80903593653,0.4026400713949447,0.321935502747191
2024-12-30 16:29:00,91924.65,92000.0,91922.16,91994.35,9.28462,50.29291289423523,-23.069338676927146,-17.759621019771494,-5.309717657155652,92042.2264,91804.52024995576,91988.2355,92171.95075004423,0.399432055731152,0.5166412423534205
2024-12-30 16:30:00,91994.13,92075.98,91984.36,92008.01,40.75038,51.101670297227436,-17.98800159637176,-17.805297135091546,-0.18270446128021334,92039.08480000001,91806.57807712446,91990.23849999999,92173.89892287552,0.39930415633291655,0.5483814088026099
2024-12-30 16:31:00,92008.01,92038.55,91928.18,91928.19,21.78583,46.355464157335845,-20.169312982310657,-18.278100304535368,-1.8912126777752896,92035.85540000001,91805.39934417886,91989.70950000001,92174.01965582116,0.40071907352017283,0.3331087624392584
2024-12-30 16:32:00,91928.19,91970.36,91897.2,91922.36,17.47141,46.01926801767987,-22.11353913390485,-19.045188070409267,-3.0683510634955837,92033.11779999999,91801.30428590206,91987.648,92173.99171409794,0.4051494263619758,0.3248183462585515
2024-12-30 16:33:00,91922.36,91967.96,91922.17,91955.09,16.40033,48.28680957183154,-20.77384692634223,-19.39091984159586,-1.3829270847463704,92028.90979999998,91798.41796006597,91985.061,92171.70403993403,0.405811634856733,0.41971037331314853
2024-12-30 16:34:00,91955.09,91955.09,91905.32,91918.95,12.32798,45.98958827904533,-22.3704544910579,-19.986826771488268,-2.383627719569631,92023.56779999999,91792.02198448499,91980.3095,92168.59701551501,0.4094083104058493,0.3370590322141823
2024-12-30 16:35:00,91918.94,91944.74,91888.0,91888.01,14.60334,44.057141755127184,-25.83457204757724,-21.156375826706064,-4.678196220871175,92014.48940000002,91783.77726960959,91971.0135,92158.24973039041,0.4071635687485564,0.278345516177786
2024-12-30 16:36:00,91888.01,92016.54,91888.0,92016.49,9.34911,52.906449513175446,-18.005096377630252,-20.5261199368909,2.521023559260648,92009.48359999999,91784.073134521,91969.8115,92155.549865479,0.40391159327102205,0.6256565919475746
2024-12-30 16:37:00,92016.49,92036.76,91941.84,91952.45,11.97207,48.76569446997375,-16.774309498010552,-19.775757849114832,3.0014483511042798,92008.0356,91782.50863718602,91968.2935,92154.07836281398,0.4040193761211332,0.45736062734059624
2024-12-30 16:38:00,91952.45,91978.86,91902.76,91970.96,12.93695,49.984173749888626,-14.142276364422287,-18.649061552176324,4.506785187754037,92007.2392,91783.34432497826,91963.44149999999,92143.53867502171,0.3916712382316154,0.5208734534539841
2024-12-30 16:39:00,91970.96,91986.48,91912.86,91986.48,19.58974,51.03566849300219,-10.68091392228962,-17.055432026198982,6.374518103909363,92005.56620000002,91812.11179934753,91952.13149999999,92092.15120065244,0.30454911347531743,0.6226559542691228
2024-12-30 16:40:00,91986.47,92036.0,91960.73,92035.99,22.77415,54.33388822986071,-3.897784784741816,-14.42390257790755,10.526117793165733,92007.00039999999,91832.69386973392,91946.34900000002,92060.00413026611,0.24722054002621788,0.8943552736691972
2024-12-30 16:41:00,92036.0,92060.61,91947.91,92060.6,19.72801,55.923214427579616,3.424242713736021,-10.854273519578836,14.278516233314857,92007.9334,91827.63274022828,91948.9135,92070.19425977171,0.2638003107491168,0.9604460765674355
2024-12-30 16:42:00,92060.61,92120.0,92032.95,92120.0,15.59175,59.57980956068675,13.860312774195336,-5.911356260824002,19.771669035019336,92009.7334,91817.00107254258,91958.664,92100.32692745743,0.30810131703832166,1.06943620640794
2024-12-30 16:43:00,92120.0,92179.28,92119.82,92156.47,21.43993,61.681686796758335,24.788056408186094,0.22852627297801753,24.559530135208078,92013.159,91814.65722611756,91973.3565,92132.05577388243,0.3450983630948247,1.0769197789010028
2024-12-30 16:44:00,92156.47,92179.85,92149.88,92161.49,14.22361,61.974798495660686,33.46764978059218,6.876350974500851,26.59129880609133,92016.25300000001,91826.0546955525,91990.0545,92154.05430444749,0.35655985929977324,1.0226698305451187
2024-12-30 16:45:00,92161.48,92175.34,92128.98,92148.57,21.15649,60.68810871107718,38.85584800934885,13.27225038147045,25.583597627878397,92017.4554,91841.21367747571,92005.164,92169.1143225243,0.3563937400824484,0.9373458917067756
2024-12-30 16:46:00,92148.56,92179.87,92049.49,92090.95,30.46131,55.185378981741586,38.03810191494995,18.22542068816635,19.8126812267836,92017.45619999999,91842.42883317139,92010.3155,92178.2021668286,0.36493009705766394,0.7401456337277783
2024-12-30 16:47:00,92090.95,92120.0,92064.0,92064.5,23.90134,52.81786513123737,34.85396350007795,21.55112925054867,13.302834249529283,92018.1274,91847.03799880917,92015.2285,92183.41900119082,0.3655710123913323,0.6464752755094672
2024-12-30 16:48:00,92064.51,92082.42,91932.35,91932.35,16.22836,42.912351739534856,21.420191653684014,21.524941731175737,-0.10475007749172249,92014.64480000001,91848.21917740244,92015.613,92183.00682259756,0.3638378686833462,0.25129607918635827
2024-12-30 16:49:00,91932.35,91937.6,91890.99,91900.0,10.95818,40.89067272689088,8.070425202458864,18.834038425432365,-10.7636132229735,92010.04060000001,91836.21143450227,92010.89550000001,92185.57956549776,0.3797030004946365,0.1825826680755648
2024-12-30 16:50:00,91900.0,92017.36,91883.32,91989.86,15.61748,48.19202520870642,4.687554903604905,16.00474172106687,-11.317186817461966,92008.91399999999,91835.06498337892,92009.98800000001,92184.9110166211,0.38022614810272753,0.44246611912824557
2024-12-30 16:51:00,91989.85,92044.0,91939.95,91944.24,16.64767,45.143327159871326,-1.655463762479485,12.472700624357602,-14.128164386837087,92008.957,91837.23398742032,92010.7905,92184.34701257969,0.3772525192676954,0.3082742646449468
2024-12-30 16:52:00,91944.25,92050.0,91928.59,92050.0,14.77781,52.62560389858521,1.8304955591302132,10.344259611312124,-8.51376405218191,92008.96299999999,91847.75458573231,92017.17250000002,92186.59041426772,0.36823108049250725,0.5968832019384714
2024-12-30 16:53:00,92050.0,92077.62,91997.39,92077.62,12.8871,54.37579910490315,6.744104764831718,9.624228642016043,-2.8801238771843245,92010.011,91854.4433623807,92023.299,92192.1546376193,0.36698453425213756,0.6608504186353181
2024-12-30 16:54:00,92077.61,92077.61,92008.0,92047.99,5.60882,52.149981257666205,8.153295968557359,9.330042107324306,-1.1767461387669478,92010.0576,91867.60939683838,92029.751,92191.89260316163,0.3523677971520851,0.5562440473152981
2024-12-30 16:55:00,92048.0,92112.76,92048.0,92092.23,10.99027,55.104935230844454,12.693564906308893,10.002746667121224,2.690818239187669,92008.65879999999,91889.51113006625,92039.962,92190.41286993375,0.32692510223710375,0.673704545620154
2024-12-30 16:56:00,92092.23,92153.84,92060.61,92153.84,10.88152,58.91050899011752,21.020857493916992,12.20636883248038,8.814488661436613,92010.0184,91888.93628653337,92046.8295,92204.72271346665,0.34307148725125675,0.8388698527647589
2024-12-30 16:57:00,92153.83,92153.83,92084.39,92102.51,37.08465,54.746758557677346,23.21083479198569,14.407262024381442,8.803572767604248,92011.15600000002,91900.89309034648,92054.3325,92207.77190965353,0.3333670572290016,0.6569919361289847
2024-12-30 16:58:00,92102.5,92121.05,92073.93,92090.91,9.93426,53.82096363771418,23.736761908221524,16.27316200114946,7.463599907072066,92011.47460000002,91911.07464713175,92060.33,92209.58535286825,0.32425552432464105,0.6024418870490886
2024-12-30 16:59:00,92090.9,92136.83,92090.9,92120.6,13.6807,55.877576887863235,26.24674170689832,18.267877942299233,7.978863764599087,92013.0484,91919.61480513365,92067.03600000001,92214.45719486637,0.3202475093612394,0.6816699425362683
2024-12-30 17:00:00,92120.6,92200.0,92111.51,92185.58,20.36722,60.06909292381776,33.097731672169175,21.23384868827322,11.863882983895955,92017.401,91919.18680922194,92074.5155,92229.84419077805,0.3373977912010987,0.8575144406473612
2024-12-30 17:01:00,92185.59,92235.87,92154.65,92176.02,15.28127,59.17838007241963,37.32551319284539,24.452181589187656,12.873331603657736,92022.146,91918.99270318553,92080.2865,92241.58029681447,0.35033296038771294,0.796767457554866
2024-12-30 17:02:00,92176.02,92268.82,92176.01,92268.82,16.59814,64.65693064301176,47.61536466125108,29.084818203600342,18.530546457650736,92028.2506,91907.20670154502,92087.72750000001,92268.248298455,0.3920626631925355,1.001583478330196
2024-12-30 17:03:00,92268.82,92345.42,92239.8,92289.7,31.78296,65.77006780108869,56.80022988967539,34.627900540815354,22.17232934886004,92033.90800000001,91895.33190207122,92094.389,92293.44609792877,0.4322893068518499,0.9905903934907359
2024-12-30 17:04:00,92289.71,92296.04,92180.36,92193.64,19.31189,56.89246093877908,55.68614732057904,38.83954989676809,16.846597423810948,92037.5012,91894.29613963635,92095.99650000001,92297.69686036366,0.4380219945036479,0.7420508813765753
2024-12-30 17:05:00,92193.65,92193.65,92121.21,92121.22,12.54795,51.2734394631075,48.40159662035876,40.751959241486226,7.649637378872534,92038.44699999999,91894.00495967625,92094.629,92295.25304032375,0.4356910766723348,0.5662707219859857
2024-12-30 17:06:00,92121.22,92125.95,91983.35,91997.17,11.89809,43.37150542253367,32.24701591083431,39.05097057535584,-6.803954664521534,92037.5798,91884.85708262309,92089.94,92295.02291737692,0.44539700509505414,0.27382319018432755
2024-12-30 17:07:00,91997.18,92022.87,91980.53,92011.27,7.65463,44.420000782108545,20.34759209670301,35.310294879625275,-14.962702782922264,92038.149,91879.57914099563,92087.2785,92294.97785900437,0.45109240361440633,0.31702278628987823
2024-12-30 17:08:00,92011.27,92064.03,91988.0,92017.16,8.2425,44.879123179165155,11.262657859449973,30.500767475590216,-19.238109616140243,92037.13220000001,91893.40325313513,92091.519,92289.63474686487,0.43025839733379656,0.31233445302378315
2024-12-30 17:09:00,92017.16,92053.82,92013.01,92025.55,12.52095,45.56886833018084,4.685770262061851,25.337768032884544,-20.651997770822693,92033.3896,91917.16788252527,92097.7965,92278.42511747472,0.3922539394842568,0.30001369381542115
2024-12-30 17:10:00,92025.56,92204.35,92025.55,92204.35,13.41843,57.713069171404776,13.742786870818236,23.018771800471285,-9.275984929653049,92034.4438,91929.3358725038,92108.521,92287.70612749619,0.3890739435414352,0.7674022150695713
2024-12-30 17:11:00,92204.35,92218.85,92170.15,92180.02,8.87752,55.8858822970911,18.74127239768859,22.163271919914745,-3.421999522226155,92037.85800000001,91955.45806692116,92120.31,92285.16193307884,0.35790572801772025,0.6811019103168482
2024-12-30 17:12:00,92180.02,92217.89,92145.55,92201.38,10.22224,57.16798015341708,24.14782063214807,22.56018166236141,1.58763896978666,92043.3858,91962.73430418497,92127.87899999999,92293.023695815,0.35851188067624806,0.7225351520897405
2024-12-30 17:13:00,92201.39,92226.25,92100.0,92146.61,17.32324,52.920841007784766,23.73941459780326,22.79602824944978,0.9433863483534815,92049.0656,91967.65152846511,92131.3285,92295.0054715349,0.35531230082043763,0.5466818876739163
2024-12-30 17:14:00,92146.62,92172.16,92120.02,92120.02,15.99907,50.94213591493116,21.027764119629865,22.4423754234858,-1.414611303855935,92054.9154,91975.6353575294,92134.93000000001,92294.22464247061,0.3457855613947987,0.45319993262562136
2024-12-30 17:15:00,92120.02,92200.0,92120.02,92170.93,13.90091,54.45352194920255,22.724815578389098,22.49886345446646,0.22595212392263875,92061.4064,91980.09665233639,92138.865,92297.63334766362,0.34462839902274833,0.6009804550839196
2024-12-30 17:16:00,92170.94,92205.95,92135.34,92205.95,8.77326,56.74694642506839,26.589060275960946,23.316902818765357,3.27215745719559,92065.76699999999,91980.11541635267,92141.4705,92302.82558364733,0.35023335914164644,0.6998062240819533
2024-12-30 17:17:00,92205.95,92211.66,92104.0,92174.22,41.58793,54.08940256292905,26.782425092853373,24.010007273582964,2.7724178192704088,92069.9266,91984.13688486499,92145.056,92305.975115135,0.3492734653826889,0.5906169536650011
2024-12-30 17:18:00,92174.21,92195.7,92152.0,92163.12,5.38313,53.15164145856333,25.74323883721081,24.356653586308536,1.3865852509022751,92074.6958,91989.53849325438,92148.6665,92307.79450674563,0.345372348379289,0.5454146956767122
